{
    "BINARY": {
        "APP": 0.374992,
        "COMP": 0.198589
    },
    "NULLARY": {
        "B": 0.0811668805125849,
        "BOT": 0.010984742763602976,
        "C": 0.05987309796743209,
        "CB": 0.056939954826847855,
        "CI": 0.0386697363830162,
        "I": 0.024001043018385786,
        "J": 0.013155728465280618,
        "K": 0.015349874352626105,
        "P": 0.005498455796274582,
        "S": 0.014908287829835361,
        "TOP": 0.010984742763602976,
        "U": 0.00037572690668334993,
        "V": 0.012468896813075126,
        "W": 0.0028105418347248233,
        "Y": 0.022302689766027364
    },
    "SYMMETRIC": {
        "JOIN": 0.0569286
    }
}