{
    "BINARY": {
        "APP": 0.374992,
        "COMP": 0.198589
    },
    "NULLARY": {
        "A": 0.0013937319014125668,
        "B": 0.07609518345930272,
        "BOOL": 0.0011228217882608294,
        "BOOOL": 0.0001886211016335725,
        "BOT": 0.010298363206406739,
        "C": 0.05613193885654057,
        "CB": 0.05338207260585293,
        "CI": 0.03625346527802365,
        "DIV": 0.009625973044614437,
        "F": 0.004978680871007553,
        "I": 0.02250134242150043,
        "J": 0.012333695280442388,
        "K": 0.014390740380360227,
        "P": 0.005154885834198187,
        "S": 0.01397674630725171,
        "SEMI": 0.003143494158651299,
        "TOP": 0.010298363206406739,
        "U": 0.0003522496825565792,
        "UNIT": 0.002634214330154375,
        "V": 0.011689780173071354,
        "W": 0.002634925664049272,
        "Y": 0.02090911044830196
    },
    "SYMMETRIC": {
        "JOIN": 0.0569286
    }
}