{
    "BINARY": {
        "COMP": 0.198589,
        "APP": 0.374992
    },
    "NULLARY": {
        "C": 0.0807887360970512,
        "B": 0.10952113573810703,
        "I": 0.032385395048725674,
        "CB": 0.07683094979295127,
        "K": 0.020712089240342207,
        "CI": 0.05217834442589516,
        "S": 0.020116242052458905,
        "W": 0.0037923563383811367,
        "Y": 0.03009375126608748
    }
}