{
    "Binary": {
        "COMP": 0.198589,
        "APP": 0.374992
    },
    "Nullary": {
        "C": 0.02122687765327871,
        "B": 0.0,
        "I": 0.06366762680348238,
        "K": 0.07833527640892672,
        "S": 0.07920559607599785,
        "W": 0.11771534062877455,
        "Y": 0.06626828242953982
    }
}