{
    "Binary": {
        "COMP": 0.198589,
        "APP": 0.374992
    },
    "Nullary": {
        "C": 0.018286310379596497,
        "B": 0.0,
        "I": 0.0548477267301235,
        "CB": 0.020887518949789064,
        "K": 0.06748346136832133,
        "CI": 0.038184464068995366,
        "S": 0.0682332153274992,
        "W": 0.10140819061277291,
        "Y": 0.057088112562902096
    }
}