{
    "BINARY": {
        "APP": 0.374992,
        "COMP": 0.198589
    },
    "NULLARY": {
        "A": 0.001936928020129931,
        "B": 0.105752686646455,
        "BOT": 0.014312069800330736,
        "C": 0.07800892344163225,
        "CB": 0.07418731830568878,
        "CI": 0.050382970105399924,
        "I": 0.03127106481710721,
        "J": 0.017140656647251045,
        "K": 0.019999419002237423,
        "P": 0.007163962310620677,
        "S": 0.01942407397385794,
        "TOP": 0.014312069800330736,
        "U": 0.0004895362440467991,
        "V": 0.016245780657982337,
        "W": 0.003661867353745629,
        "Y": 0.029058272873183726
    },
    "SYMMETRIC": {
        "JOIN": 0.0569286
    }
}