{
    "BINARY": {
        "APP": 0.374992,
        "COMP": 0.198589
    },
    "NULLARY": {
        "A": 0.0014806658995079654,
        "B": 0.08084161893029637,
        "BOT": 0.010940723395237969,
        "C": 0.05963316736447657,
        "CB": 0.05671177826412352,
        "CI": 0.03851477441375991,
        "I": 0.023904863182725784,
        "J": 0.013103009264668836,
        "K": 0.015288362509515525,
        "P": 0.005476421729902369,
        "S": 0.014848545564786831,
        "TOP": 0.010940723395237969,
        "U": 0.00037422124911212843,
        "V": 0.012418929965991672,
        "W": 0.0027992790970357852,
        "Y": 0.022213315773620897
    },
    "SYMMETRIC": {
        "JOIN": 0.0569286
    }
}