{
    "BINARY": {
        "APP": 0.374992,
        "COMP": 0.198589
    },
    "NULLARY": {
        "A": 0.0020424116399188237,
        "B": 0.11151189714572811,
        "C": 0.0822572297983682,
        "CB": 0.07822750296716623,
        "CI": 0.05312678815501265,
        "I": 0.03297406310990917,
        "J": 0.018074123709485652,
        "K": 0.0210885720776776,
        "P": 0.0075541062234051985,
        "S": 0.020481894198727375,
        "U": 0.0005161960137972781,
        "UNIT": 0.003860247443927634,
        "V": 0.01713051345769959,
        "W": 0.00386128985145618,
        "Y": 0.030640764207720356
    },
    "SYMMETRIC": {
        "JOIN": 0.0569286
    }
}