{
    "SYMMETRIC": {
        "JOIN": 0.0569286
    },
    "BINARY": {
        "COMP": 0.198589,
        "APP": 0.374992
    },
    "NULLARY": {
        "C": 0.015494762385077477,
        "B": 0.0,
        "I": 0.046474793186993844,
        "CB": 0.01769887616595985,
        "K": 0.057181584317380886,
        "J": 0.06046300793530003,
        "CI": 0.032355307619123294,
        "S": 0.05781688248325335,
        "W": 0.08592743887792594,
        "V": 0.061561780391624334,
        "Y": 0.048373166637360944
    }
}