{
    "BINARY": {
        "APP": 0.374992,
        "COMP": 0.198589
    },
    "NULLARY": {
        "A": 0.0019223679888326196,
        "B": 0.10495773587319712,
        "BOT": 0.014204484912272717,
        "C": 0.07742252458995807,
        "CB": 0.07362964674269391,
        "CI": 0.05000423758980705,
        "I": 0.031035997908215682,
        "J": 0.017011809062494797,
        "K": 0.019849081889255243,
        "P": 0.007110110275660494,
        "S": 0.019278061772040708,
        "TOP": 0.014204484912272717,
        "U": 0.0004858563638651848,
        "UNIT": 0.0036333596862356157,
        "V": 0.016123659922275487,
        "W": 0.0036343408257987816,
        "Y": 0.02883983968512391
    },
    "SYMMETRIC": {
        "JOIN": 0.0569286
    }
}