{
    "BINARY": {
        "APP": 0.374992,
        "COMP": 0.198589
    },
    "NULLARY": {
        "A": 0.0020588546477904915,
        "B": 0.1124096549565016,
        "C": 0.08291946470275306,
        "CB": 0.07885729542522389,
        "CI": 0.053554500266888405,
        "I": 0.03323953005529862,
        "J": 0.01821963451280265,
        "K": 0.02125835154323591,
        "P": 0.007614922674735159,
        "S": 0.020646789433827844,
        "U": 0.0005203517946165304,
        "V": 0.017268427461970475,
        "W": 0.0038923762486257575,
        "Y": 0.030887446275729667
    },
    "SYMMETRIC": {
        "JOIN": 0.0569286
    }
}