{
    "SYMMETRIC": {
        "JOIN": 0.0569286
    },
    "BINARY": {
        "COMP": 0.198589,
        "APP": 0.374992
    },
    "NULLARY": {
        "A": 1.3931395457177158e-05,
        "C": 0.08327177699569398,
        "B": 0.11288726661774894,
        "I": 0.033380759802644926,
        "CB": 0.07919234817388758,
        "K": 0.02134867507104919,
        "J": 0.018297046990497258,
        "CI": 0.05378204525712645,
        "P": 0.007647277332085168,
        "S": 0.02073451452652322,
        "U": 0.0005225626908705578,
        "W": 0.003908914367945003,
        "V": 0.017341798404443633,
        "Y": 0.031018682374026985
    }
}