{
    "Symmetric": {
        "JOIN": 0.0569286
    },
    "Binary": {
        "COMP": 0.198589,
        "APP": 0.374992
    },
    "Nullary": {
        "C": 0.017284721925437,
        "B": 0.0,
        "I": 0.051843575062049334,
        "K": 0.06378721787523017,
        "J": 0.06744771252146738,
        "S": 0.06449590587340308,
        "W": 0.09585380206929246,
        "V": 0.06867341549740882,
        "Y": 0.053961249175711684
    }
}