{
    "SYMMETRIC": {
        "JOIN": 0.0569286
    },
    "BINARY": {
        "COMP": 0.198589,
        "APP": 0.374992
    },
    "NULLARY": {
        "A": 0.08095350851278099,
        "C": 0.009339673857256118,
        "B": 0.0,
        "I": 0.028013298956296374,
        "CB": 0.010668232717735997,
        "K": 0.03446695953723451,
        "J": 0.03644488121277939,
        "CI": 0.019502591469542856,
        "P": 0.045922205145294805,
        "S": 0.03484989394590128,
        "U": 0.065127699738903,
        "W": 0.05179390522839083,
        "V": 0.037107180906725545,
        "Y": 0.029157568771158333
    }
}