{
    "BINARY": {
        "APP": 0.374992,
        "COMP": 0.198589
    },
    "NULLARY": {
        "A": 0.0014020465649695845,
        "B": 0.07654914870766388,
        "BOOL": 0.0011295202683590576,
        "BOOOL": 0.00018974636898107862,
        "BOT": 0.010359800721873277,
        "C": 0.05646680827147051,
        "CB": 0.053700536991466916,
        "CI": 0.03646974458271437,
        "DIV": 0.009683399244871294,
        "I": 0.02263557992559028,
        "J": 0.012407275089132797,
        "K": 0.014476592016874977,
        "P": 0.005185638621978071,
        "RETRACT": 0.0014020465649695845,
        "S": 0.014060128156407064,
        "SECTION": 0.0014020465649695845,
        "SEMI": 0.0031622474757678444,
        "TOP": 0.010359800721873277,
        "U": 0.0003543511179872785,
        "UNIT": 0.0026499294084058734,
        "V": 0.011759518541760538,
        "W": 0.0026506449859447644,
        "Y": 0.021033849085968177
    },
    "SYMMETRIC": {
        "JOIN": 0.0569286
    }
}