{
    "BINARY": {
        "APP": 0.34,
        "COMP": 0.18
    },
    "NULLARY": {
        "A": 0.00222834509220483,
        "B": 0.12166351966981996,
        "BOT": 0.016465366894078286,
        "C": 0.08974561774767595,
        "CB": 0.08534903978477718,
        "CI": 0.05796325056908381,
        "I": 0.035975897446382965,
        "J": 0.019719523761398107,
        "K": 0.02300839613936417,
        "P": 0.008241803561983216,
        "R": 0.019719523761398107,
        "S": 0.022346488594535596,
        "TOP": 0.016465366894078286,
        "U": 0.0005631885519446899,
        "UNIT": 0.004211669811436383,
        "V": 0.018690010791326508,
        "W": 0.004212807115814654,
        "Y": 0.03343018381269743
    },
    "SYMMETRIC": {
        "JOIN": 0.05,
        "RAND": 0.05
    }
}