{
    "BINARY": {
        "APP": 0.34,
        "COMP": 0.18
    },
    "NULLARY": {
        "B": 0.08060558385495553,
        "BOT": 0.010908779521462943,
        "C": 0.059459055077539034,
        "CB": 0.05654619562200911,
        "CI": 0.03840232196908132,
        "I": 0.02383506762126861,
        "J": 0.013064752116681184,
        "K": 0.015243724736985476,
        "P": 0.005460432099403625,
        "R": 0.013064752116681184,
        "S": 0.014805191935586158,
        "TOP": 0.010908779521462943,
        "U": 0.00037312862699622943,
        "V": 0.012382670139568567,
        "W": 0.00279110597950905,
        "Y": 0.022148459060809183
    },
    "SYMMETRIC": {
        "JOIN": 0.05,
        "RAND": 0.05
    }
}