{
    "BINARY": {
        "APP": 0.34,
        "COMP": 0.18
    },
    "NULLARY": {
        "A": 0.0022446445780787937,
        "B": 0.12255344144502975,
        "BOT": 0.01658580470958473,
        "C": 0.0904020723667767,
        "CB": 0.08597333512987199,
        "CI": 0.05838722941650954,
        "I": 0.03623904727639887,
        "J": 0.01986376448071693,
        "K": 0.023176693693081514,
        "P": 0.008302089179863706,
        "R": 0.01986376448071693,
        "S": 0.022509944549564054,
        "TOP": 0.01658580470958473,
        "U": 0.0005673080592323683,
        "V": 0.018826721019891704,
        "W": 0.00424362217687237,
        "Y": 0.03367471272822547
    },
    "SYMMETRIC": {
        "JOIN": 0.05,
        "RAND": 0.05
    }
}